City ID,City,Country,Lat,Lng,Max Temp,Humidity,Cloudiness,Wind Speed,Current Description
0,Esperance,AU,-33.8667,121.9,58.84,73,0,11.34,clear sky
1,Rikitea,PF,-23.1203,-134.9692,78.12,73,100,12.66,overcast clouds
2,Fortuna,US,40.5982,-124.1573,44.94,58,75,2.1,broken clouds
3,Tuktoyaktuk,CA,69.4541,-133.0374,-34.6,67,40,5.75,scattered clouds
4,Cayenne,GF,4.9333,-52.3333,82.44,85,75,13.8,broken clouds
5,Castro,BR,-24.7911,-50.0119,82.29,47,6,2.91,clear sky
6,Souillac,MU,-20.5167,57.5167,81.36,83,40,10.36,scattered clouds
7,Hilo,US,19.7297,-155.09,73.11,81,20,6.91,few clouds
8,Cape Town,ZA,-33.9258,18.4232,70.27,79,20,20.71,few clouds
9,Yulara,AU,-25.2406,130.9889,71.44,30,1,8.05,clear sky
10,Hermanus,ZA,-34.4187,19.2345,71.91,84,16,15.86,few clouds
11,Jiaocheng,CN,24.6774,116.1389,49.01,96,99,4.29,overcast clouds
12,Sehithwa,BW,-20.4667,22.7167,75.92,53,42,2.46,scattered clouds
13,Upernavik,GL,72.7868,-56.1549,-6.79,96,100,14.79,overcast clouds
14,Albany,US,42.6001,-73.9662,26.55,57,100,1.01,overcast clouds
15,Tynda,RU,55.1667,124.7167,-18.42,97,91,2.53,overcast clouds
16,Sao Pedro Do Sul,BR,-29.6206,-54.1789,79.45,18,0,10.42,clear sky
17,Torbay,CA,47.6666,-52.7314,45.37,67,100,18.41,overcast clouds
18,Saltillo,MX,25.4167,-101.0,60.17,66,40,0.0,scattered clouds
19,Punta Arenas,CL,-53.15,-70.9167,51.91,50,20,46.04,few clouds
20,Lucapa,AO,-8.4192,20.7447,66.27,98,100,2.98,light rain
21,Ushuaia,AR,-54.8,-68.3,39.65,91,100,30.62,light rain
22,Grindavik,IS,63.8424,-22.4338,28.87,93,75,6.91,light snow
23,Tiksi,RU,71.6872,128.8694,-13.88,94,86,11.52,overcast clouds
24,San Miguel,SV,13.4833,-88.1833,96.4,38,20,6.91,few clouds
25,Hobart,AU,-42.8794,147.3294,62.46,81,75,17.27,broken clouds
26,Mattru,SL,7.6244,-11.8332,82.31,64,24,7.83,few clouds
27,Walvis Bay,NA,-22.9575,14.5053,76.15,73,1,8.05,light rain
28,Bluff,NZ,-46.6,168.3333,42.8,89,10,6.58,clear sky
29,Nome,US,64.5011,-165.4064,-12.93,64,0,0.0,clear sky
30,Georgetown,MY,5.4112,100.3354,80.53,88,40,8.05,scattered clouds
31,Ilulissat,GL,69.2167,-51.1,23.02,50,75,14.97,broken clouds
32,Lasa,IT,46.6166,10.7002,31.46,61,0,2.13,clear sky
33,Baoning,CN,25.3378,110.026,40.86,100,75,2.24,mist
34,Mojo,ET,8.6,39.1167,66.47,47,73,11.14,broken clouds
35,Mataura,NZ,-46.1927,168.8643,41.49,99,29,2.39,scattered clouds
36,Boa Vista,BR,2.8197,-60.6733,89.58,45,75,16.11,broken clouds
37,Chokurdakh,RU,70.6333,147.9167,-3.62,97,100,10.47,overcast clouds
38,Korla,CN,41.7597,86.1469,29.73,45,0,4.72,clear sky
39,Kapaa,US,22.0752,-159.319,71.92,83,40,13.8,light rain
40,Yarim,YE,14.298,44.3779,53.83,57,7,1.16,clear sky
41,Ponta Do Sol,PT,32.6667,-17.1,66.06,62,92,2.68,overcast clouds
42,Busselton,AU,-33.65,115.3333,64.04,73,0,12.03,clear sky
43,Atuona,PF,-9.8,-139.0333,77.58,78,50,15.26,light rain
44,Kaohsiung,TW,22.6163,120.3133,66.15,86,75,10.36,haze
45,Hegang,CN,47.4,130.3667,-12.71,99,21,4.23,few clouds
46,Mahibadhoo,MV,3.7833,72.9667,81.68,77,100,12.8,overcast clouds
47,Wichita Falls,US,33.9137,-98.4934,60.26,31,0,9.22,clear sky
48,Oistins,BB,13.0667,-59.5333,75.29,88,75,9.22,broken clouds
49,Omboue,GA,-1.5746,9.2618,78.85,83,98,3.58,overcast clouds
50,Makakilo City,US,21.3469,-158.0858,73.29,77,0,4.61,clear sky
51,Sivac,RS,45.7033,19.3822,37.35,71,7,10.25,clear sky
52,Tsabong,BW,-26.0217,22.401,85.68,20,52,6.49,broken clouds
53,Port Elizabeth,ZA,-33.918,25.5701,70.09,83,100,14.97,overcast clouds
54,Vaini,TO,-21.2,-175.2,78.96,89,40,5.75,scattered clouds
55,Bredasdorp,ZA,-34.5322,20.0403,70.29,78,22,12.66,light rain
56,Srednekolymsk,RU,67.45,153.6833,-33.14,99,18,6.29,few clouds
57,Karimganj,IN,24.8667,92.35,56.68,68,0,2.95,clear sky
58,Port Alfred,ZA,-33.5906,26.891,73.06,85,94,7.58,overcast clouds
59,Ingleside,US,27.8778,-97.2117,59.23,32,0,8.05,clear sky
60,Yellowknife,CA,62.456,-114.3525,-16.58,80,75,2.3,broken clouds
61,Nampa,US,43.5407,-116.5635,40.03,61,0,10.36,clear sky
62,Peruibe,BR,-24.32,-46.9983,79.03,73,54,6.8,broken clouds
63,Geraldton,AU,-28.7667,114.6,73.81,88,100,6.91,overcast clouds
64,Talnakh,RU,69.4865,88.3972,-7.62,70,14,9.13,few clouds
65,Neuquen,AR,-38.9516,-68.0591,89.49,18,0,5.75,clear sky
66,Khatanga,RU,71.9667,102.5,-24.18,93,89,3.15,overcast clouds
67,Suntar,RU,62.1444,117.6319,-14.51,100,99,1.21,overcast clouds
68,Ambilobe,MG,-13.2,49.05,73.27,94,89,2.73,light rain
69,Bartow,US,27.8964,-81.8431,73.98,70,0,12.66,clear sky
70,Lorengau,PG,-2.0226,147.2712,80.4,78,100,1.54,overcast clouds
71,Kongolo,CD,-5.3833,27.0,70.14,96,100,1.07,overcast clouds
72,Vao,NC,-22.6667,167.4833,79.21,85,100,7.96,overcast clouds
73,Coihaique,CL,-45.5752,-72.0662,81.21,36,0,9.22,clear sky
74,Basco,PH,20.4487,121.9702,77.25,80,100,14.2,overcast clouds
75,New Norfolk,AU,-42.7826,147.0587,62.1,62,100,0.51,overcast clouds
76,Klaksvik,FO,62.2266,-6.589,34.72,67,100,30.56,overcast clouds
77,Mingyue,CN,43.1069,128.9217,8.78,80,100,1.99,overcast clouds
78,Victoria,HK,22.2855,114.1577,60.94,89,100,3.0,light rain
79,Kendari,ID,-3.945,122.4989,74.23,94,100,4.7,overcast clouds
80,Mantua,IT,45.1667,10.7833,44.1,65,7,1.99,clear sky
81,Svetlogorsk,BY,52.6333,29.7333,28.49,79,61,10.58,broken clouds
82,Mabaruma,GY,8.2,-59.7833,80.6,83,75,13.8,broken clouds
83,San Patricio,US,28.017,-97.5169,61.18,22,0,6.93,clear sky
84,Kalabo,ZM,-14.97,22.6814,71.73,74,76,2.37,broken clouds
85,Abu Samrah,SY,35.3029,37.1841,52.14,50,0,4.72,clear sky
86,Porto Novo,BJ,6.4965,2.6036,84.02,72,13,9.01,few clouds
87,Coos Bay,US,43.3665,-124.2179,42.78,87,40,3.44,mist
88,Provideniya,RU,64.3833,-173.3,-14.12,95,19,3.38,few clouds
89,Frontignan,FR,43.4485,3.754,55.99,95,96,25.99,overcast clouds
90,Norman Wells,CA,65.282,-126.8329,-14.76,70,75,8.05,broken clouds
91,Ouesso,CG,1.6136,16.0517,79.84,28,100,1.14,overcast clouds
92,Grootfontein,NA,-19.5667,18.1167,67.91,80,69,6.76,light rain
93,Great Falls,US,47.5002,-111.3008,51.19,29,0,6.91,clear sky
94,Itoman,JP,26.1247,127.6694,66.22,88,100,14.97,light rain
95,Roald,NO,62.5833,6.1333,43.16,87,75,11.5,broken clouds
96,Cockburn Town,TC,21.4612,-71.1419,82.36,61,40,18.41,scattered clouds
97,Sembakung,ID,3.8167,117.25,76.93,99,90,2.01,overcast clouds
98,Ribeira Grande,PT,38.5167,-28.7,63.0,59,75,6.91,broken clouds
99,Kuytun,RU,54.3419,101.5036,-26.7,100,100,2.91,overcast clouds
100,Carnarvon,AU,-24.8667,113.6333,78.87,83,4,8.05,clear sky
101,Matay,EG,28.419,30.7792,59.49,53,3,14.03,clear sky
102,Kavieng,PG,-2.5744,150.7967,80.76,77,96,5.91,overcast clouds
103,Jamestown,US,42.097,-79.2353,22.64,31,100,9.22,overcast clouds
104,Yar-Sale,RU,66.8333,70.8333,-9.9,93,100,8.95,overcast clouds
105,Arraial Do Cabo,BR,-22.9661,-42.0278,82.36,74,40,13.8,scattered clouds
106,Tasiilaq,GL,65.6145,-37.6368,10.56,71,100,9.01,overcast clouds
107,Salinopolis,BR,-0.6136,-47.3561,79.45,84,100,7.2,light rain
108,Puerto Ayora,EC,-0.7393,-90.3518,82.36,85,100,7.0,overcast clouds
109,Barmer,IN,25.75,71.3833,65.37,22,0,5.88,clear sky
110,Coutances,FR,49.05,-1.4333,49.86,91,100,27.42,light rain
111,Khakhea,BW,-24.6895,23.494,78.44,33,6,5.21,clear sky
112,Vanavara,RU,60.34,102.2797,-23.15,99,24,4.23,few clouds
113,Rosarito,MX,32.3333,-117.0333,85.41,23,5,1.1,clear sky
114,Dolores,AR,-36.3132,-57.6792,80.78,20,8,16.13,clear sky
115,East London,ZA,-33.0153,27.9116,72.54,94,75,8.05,broken clouds
116,Saldanha,ZA,-33.0117,17.9442,71.65,89,0,20.76,clear sky
117,Campbellsville,US,37.3434,-85.3419,34.72,35,0,1.01,clear sky
118,Baykit,RU,61.67,96.37,-15.36,100,97,3.6,overcast clouds
119,Khromtau,KZ,50.2503,58.4347,19.62,88,96,16.53,overcast clouds
120,Ola,RU,59.5833,151.2833,-9.65,79,21,9.8,few clouds
121,Yongan,CN,39.6957,113.6871,2.73,93,91,3.06,overcast clouds
122,Pangody,RU,65.85,74.4859,-13.97,95,82,8.99,broken clouds
123,Shakhtinsk,KZ,49.71,72.5872,25.36,96,100,9.86,overcast clouds
124,Flinders,AU,-34.5833,150.8552,67.37,81,100,5.01,overcast clouds
125,Katangli,RU,51.7102,143.2326,-11.88,98,21,6.76,few clouds
126,Bibiani,GH,6.4635,-2.3194,74.28,88,61,1.41,moderate rain
127,Bambous Virieux,MU,-20.3428,57.7575,81.21,83,40,10.36,light rain
128,Opuwo,NA,-18.0607,13.84,70.92,81,100,14.85,moderate rain
129,Kahului,US,20.8947,-156.47,74.46,83,20,5.75,few clouds
130,Avarua,CK,-21.2078,-159.775,77.05,94,100,1.14,overcast clouds
131,Paray-Le-Monial,FR,46.4546,4.1158,49.95,61,0,19.57,clear sky
132,Kavaratti,IN,10.5669,72.642,80.76,72,37,6.62,scattered clouds
133,Yumen,CN,40.2833,97.2,28.35,40,100,13.31,overcast clouds
134,Manavalakurichi,IN,8.1333,77.3,80.69,75,78,10.89,broken clouds
135,Yilan,TW,24.757,121.753,60.82,95,100,4.79,light rain
136,Khani,GE,41.9563,42.9566,33.37,89,75,4.81,broken clouds
137,Butaritari,KI,3.0707,172.7902,81.77,75,74,12.86,broken clouds
138,Barrow,US,71.2906,-156.7887,-29.18,100,0,8.05,clear sky
139,San Andres,CO,12.5847,-81.7006,86.02,66,40,16.11,scattered clouds
140,Galesong,ID,-5.3166,119.3661,77.02,83,95,5.23,moderate rain
141,Cidreira,BR,-30.1811,-50.2056,71.11,90,100,9.84,moderate rain
142,Suzun,RU,53.7841,82.3116,22.84,92,100,12.66,light snow
143,Taree,AU,-31.9,152.4667,63.1,94,100,3.18,overcast clouds
144,Grand-Lahou,CI,5.1367,-5.0242,79.11,84,100,6.76,light rain
145,Cassilandia,BR,-19.1133,-51.7342,86.52,54,100,6.58,overcast clouds
146,Bodmin,GB,50.4715,-4.7243,48.43,93,75,19.57,mist
147,Dikson,RU,73.5069,80.5464,-3.8,87,100,25.75,overcast clouds
148,Hami,CN,42.8,93.45,27.19,51,98,5.64,overcast clouds
149,Kemijarvi,FI,66.7131,27.4306,23.63,93,100,9.86,overcast clouds
150,Brae,GB,60.3964,-1.353,42.71,87,100,9.28,overcast clouds
151,Besikduzu,TR,41.052,39.2284,46.29,90,100,3.31,overcast clouds
152,Sorland,NO,67.667,12.6934,33.66,59,100,25.3,overcast clouds
153,Los Llanos De Aridane,ES,28.6585,-17.9182,64.13,71,20,10.36,few clouds
154,Faya,SA,18.3851,42.4509,59.11,43,49,4.94,scattered clouds
155,Bengkulu,ID,-3.8004,102.2655,76.5,90,100,4.72,overcast clouds
156,Waipawa,NZ,-41.4122,175.5153,54.23,85,100,11.23,overcast clouds
157,Kodiak,US,57.79,-152.4072,26.11,93,0,6.91,clear sky
158,Padang,ID,-0.9492,100.3543,76.75,84,100,3.44,overcast clouds
159,Sibolga,ID,1.7427,98.7792,75.61,90,100,3.2,overcast clouds
160,Kassala,SD,15.451,36.4,76.8,37,18,10.27,few clouds
161,Bowen,AU,-20.0167,148.2333,73.62,63,78,19.17,broken clouds
162,Mandalgovi,MN,45.7625,106.2708,-5.66,78,92,7.83,overcast clouds
163,Nikolskoye,RU,59.7035,30.7861,33.87,92,100,12.91,light snow
164,Airai,TL,-8.9266,125.4092,58.68,91,35,2.21,scattered clouds
165,Kyshtovka,RU,56.555,76.6271,5.22,98,98,3.24,overcast clouds
166,Ojinaga,MX,29.5667,-104.4167,58.57,35,0,0.0,clear sky
167,Moa,CU,20.6569,-74.9403,83.37,58,0,9.57,clear sky
168,Stargard Szczecinski,PL,53.3367,15.0499,37.47,61,100,3.0,overcast clouds
169,Mosetse,BW,-20.75,26.65,76.19,40,50,11.07,scattered clouds
170,Mmathubudukwane,BW,-24.6,26.4333,75.49,33,6,0.29,clear sky
171,Cherskiy,RU,68.75,161.3,-20.07,97,100,8.03,overcast clouds
172,Qaanaaq,GL,77.484,-69.3632,-8.12,91,100,0.72,overcast clouds
173,Tezu,IN,27.9167,96.1667,54.01,46,0,5.06,clear sky
174,Dingle,PH,10.9995,122.6711,74.5,93,86,6.49,overcast clouds
175,Naifaru,MV,5.4444,73.3657,80.55,78,94,11.88,overcast clouds
176,Sekoma,BW,-24.4,23.8833,78.31,32,28,4.81,scattered clouds
177,Kibala,TD,9.1104,18.3463,87.75,19,0,0.0,clear sky
178,Half Moon Bay,US,37.4636,-122.4286,74.73,64,0,3.44,clear sky
179,Bethel,US,41.3712,-73.414,32.2,75,100,8.05,snow
180,Lompoc,US,34.6391,-120.4579,83.57,28,0,8.05,clear sky
181,Moree,AU,-29.4667,149.85,62.62,72,0,9.22,clear sky
182,Sitka,US,57.0531,-135.33,35.49,87,100,0.0,overcast clouds
183,Naze,JP,28.3667,129.4833,59.52,92,100,10.38,light rain
184,Teya,RU,60.3778,92.6267,-15.47,99,28,3.24,scattered clouds
185,Sovetskiy,RU,61.3614,63.5842,-10.88,100,87,2.13,overcast clouds
186,Nemuro,JP,43.3236,145.575,26.6,84,99,9.1,overcast clouds
187,Chuy,UY,-33.6971,-53.4616,73.45,37,0,14.23,clear sky
188,Lavrentiya,RU,65.5833,-171.0,-21.42,92,24,2.93,few clouds
189,Alihe,CN,50.5667,123.7167,-1.89,99,100,2.64,overcast clouds
190,Aksarka,RU,66.5606,67.7975,-14.1,100,100,2.82,overcast clouds
191,Abdanan,IR,32.9926,47.4198,52.2,40,0,5.37,clear sky
192,Eydhafushi,MV,5.1033,73.0708,81.18,76,77,12.55,broken clouds
193,Port Lincoln,AU,-34.7333,135.8667,65.64,88,84,10.89,broken clouds
194,Gisborne,NZ,-38.6533,178.0042,60.94,77,78,7.92,broken clouds
195,Verkhnevilyuysk,RU,63.4453,120.3167,-20.69,100,100,2.15,overcast clouds
196,Sackville,CA,45.9188,-64.3846,25.48,73,100,8.34,overcast clouds
197,Pritomskiy,RU,53.7724,87.6082,12.92,93,100,4.12,overcast clouds
198,Fairview,US,40.8126,-73.999,33.94,85,100,8.05,snow
199,Deputatskiy,RU,69.3,139.9,-21.26,95,88,6.78,overcast clouds
200,Ostrovnoy,RU,68.0531,39.5131,13.93,70,100,15.9,overcast clouds
201,Beringovskiy,RU,63.05,179.3167,-27.9,97,11,5.79,few clouds
202,Bandarbeyla,SO,9.4942,50.8122,75.56,64,6,18.88,clear sky
203,Hamilton,US,39.1834,-84.5333,29.59,57,75,3.44,broken clouds
204,Nipawin,CA,53.3668,-104.0009,8.64,85,20,17.27,few clouds
205,Aklavik,CA,68.2191,-135.0107,-26.57,68,75,3.44,broken clouds
206,Abu Kamal,SY,34.4506,40.9171,56.7,34,0,4.41,clear sky
207,Batagay-Alyta,RU,67.8006,130.4114,-9.29,84,100,3.29,overcast clouds
208,Mecca,SA,21.4267,39.8261,76.57,39,0,3.29,clear sky
209,Sharan,RU,54.8167,54.0,17.26,96,100,5.1,light snow
210,Valley City,US,46.9233,-98.0032,5.99,78,100,21.85,light snow
211,Meulaboh,ID,4.1363,96.1285,76.46,89,95,3.85,overcast clouds
212,Evensk,RU,61.95,159.2333,-5.58,73,38,9.24,scattered clouds
213,Kijang,KR,35.2442,129.2139,44.33,79,100,9.53,overcast clouds
214,Severo-Kurilsk,RU,50.6789,156.125,21.96,70,43,9.17,scattered clouds
215,Lebu,CL,-37.6167,-73.65,66.11,72,87,12.8,overcast clouds
216,La Ronge,CA,55.1001,-105.2842,5.25,85,75,4.61,broken clouds
217,Buenos Aires,AR,-34.6132,-58.3772,80.01,34,0,9.22,clear sky
218,Coquimbo,CL,-29.9533,-71.3436,69.44,69,8,7.9,clear sky
219,Longyearbyen,SJ,78.2186,15.6401,13.84,92,75,2.3,light snow
220,Vila Franca Do Campo,PT,37.7167,-25.4333,63.19,70,5,5.79,clear sky
221,Brewster,US,41.3973,-73.6171,32.45,75,100,8.05,overcast clouds
222,Havoysund,NO,70.9963,24.6622,22.08,85,100,10.2,light snow
223,Raudeberg,NO,61.9875,5.1352,41.67,94,100,5.01,moderate rain
224,Saint George,US,37.1041,-113.5841,67.53,23,0,1.99,clear sky
225,Bathsheba,BB,13.2167,-59.5167,75.81,88,75,9.22,broken clouds
226,Bundaberg,AU,-24.85,152.35,68.29,93,1,8.05,clear sky
227,Santiago Del Estero,AR,-27.7951,-64.2615,85.86,19,0,8.03,clear sky
228,Mehamn,NO,71.0357,27.8492,21.38,79,0,23.02,light snow
229,Santiago,CL,-33.4569,-70.6483,87.28,29,0,12.66,clear sky
230,Port Hardy,CA,50.6996,-127.4199,43.75,93,75,3.44,broken clouds
231,Narsaq,GL,60.9167,-46.05,28.62,91,100,7.72,overcast clouds
232,Vlore,AL,40.4667,19.4897,51.55,78,11,1.54,few clouds
233,Farafangana,MG,-22.8167,47.8333,76.41,88,2,4.56,clear sky
234,Bonavista,CA,48.6499,-53.1147,44.11,69,100,15.14,overcast clouds
235,Faanui,PF,-16.4833,-151.75,80.92,75,100,15.46,light rain
236,Vestmannaeyjar,IS,63.4427,-20.2734,32.99,80,20,28.77,few clouds
237,Fort-Shevchenko,KZ,44.5086,50.263,35.42,64,12,15.59,few clouds
238,Biak,ID,-0.9131,122.8766,75.16,85,100,2.77,overcast clouds
239,Khorramabad,IR,33.4878,48.3558,47.82,53,0,6.91,clear sky
240,Krasnoselkup,RU,65.7,82.4667,-2.6,92,51,12.55,broken clouds
241,Soderhamn,SE,61.3037,17.0592,40.39,76,100,11.16,overcast clouds
242,Mangan,IN,27.5167,88.5333,50.38,51,3,6.33,clear sky
243,Smithers,CA,54.7804,-127.1743,26.92,93,100,2.3,overcast clouds
244,Reyes,BO,-14.3167,-67.3833,76.73,83,100,1.39,overcast clouds
245,Gizo,SB,-8.103,156.8419,80.55,79,74,4.5,moderate rain
246,Seoul,KR,37.5683,126.9778,33.24,84,0,2.3,clear sky
247,Hvide Sande,DK,56.0045,8.1294,39.99,77,100,28.39,overcast clouds
248,Koforidua,GH,6.0941,-0.2591,82.89,91,100,8.43,heavy intensity rain
249,Copiapo,CL,-27.3667,-70.3333,83.75,32,20,11.7,few clouds
250,Sorong,ID,-0.8833,131.25,78.17,84,100,6.76,overcast clouds
251,Kaitangata,NZ,-46.2817,169.8464,50.94,90,21,3.09,few clouds
252,Cravo Norte,CO,6.3017,-70.2041,92.88,30,16,13.4,few clouds
253,Thompson,CA,55.7435,-97.8558,-7.44,71,100,6.91,overcast clouds
254,Inuvik,CA,68.3499,-133.7218,-26.54,68,75,4.61,broken clouds
255,Saint-Philippe,RE,-21.3585,55.7679,80.19,87,33,8.28,scattered clouds
256,Pavlodar,KZ,52.3,76.95,6.6,85,75,13.42,broken clouds
257,Waingapu,ID,-9.6567,120.2641,77.61,87,78,3.76,broken clouds
258,Henderson,US,36.0397,-114.9819,70.11,17,0,3.44,clear sky
259,Olafsvik,IS,64.8945,-23.7142,27.72,92,100,9.04,light snow
260,Fort Nelson,CA,58.8053,-122.7002,-2.61,78,75,3.44,broken clouds
261,Udachnyy,RU,66.4167,112.4,-21.95,95,48,1.52,scattered clouds
262,Rundu,NA,-17.9333,19.7667,69.82,77,16,5.14,few clouds
263,Eenhana,NA,-17.4667,16.3333,76.75,86,100,2.55,light rain
264,Oranjemund,NA,-28.55,16.4333,66.94,78,0,12.46,clear sky
265,Anadyr,RU,64.75,177.4833,-30.5,75,0,8.95,clear sky
266,Krasnoarmeysk,RU,51.0239,45.6969,24.3,90,91,17.43,overcast clouds
267,Conakry,GN,9.538,-13.6773,86.07,66,7,13.8,haze
268,Filadelfia,US,39.9523,-75.1638,35.11,91,100,6.91,snow
269,Salamiyah,SY,35.0113,37.0532,50.52,63,0,8.23,clear sky
270,Touros,BR,-5.1989,-35.4608,88.7,66,8,13.13,clear sky
271,Innisfail,AU,-17.5333,146.0333,75.38,81,61,8.21,moderate rain
272,Asuncion,PY,-25.3007,-57.6359,89.04,45,0,9.22,clear sky
273,Kogon,UZ,39.7228,64.5517,35.64,69,0,4.61,clear sky
274,Imbituba,BR,-28.24,-48.6703,85.89,64,18,13.44,few clouds
275,Adrar,MR,20.5022,-10.0711,68.4,17,10,10.33,clear sky
276,Niquelandia,BR,-14.4739,-48.4597,72.61,90,100,2.46,overcast clouds
277,Price,US,39.5994,-110.8107,43.41,30,0,6.91,clear sky
278,Gairo,IT,39.8497,9.5047,45.61,89,11,4.16,few clouds
279,Madhupur,IN,24.25,86.65,60.24,44,0,3.62,clear sky
280,Wangqing,CN,43.3218,129.7634,5.81,87,100,3.18,overcast clouds
281,Guilin,CN,25.2819,110.2864,41.11,92,1,4.27,clear sky
282,Dunmore East,IE,52.1514,-6.9861,46.69,82,75,9.22,broken clouds
283,Mgandu,TZ,-5.95,34.1333,62.2,92,100,2.68,light rain
284,Mount Isa,AU,-20.7333,139.5,71.37,100,57,5.75,broken clouds
285,Codrington,AU,-38.2667,141.9667,59.95,90,60,7.2,broken clouds
286,Nabire,ID,-3.3667,135.4833,75.74,92,100,3.8,overcast clouds
287,Altay,CN,47.8667,88.1167,2.68,75,50,8.19,scattered clouds
288,San Luis,AR,-33.295,-66.3356,81.34,30,0,12.28,clear sky
289,Pevek,RU,69.7008,170.3133,-17.28,98,100,9.04,overcast clouds
290,Zhezkazgan,KZ,47.8043,67.7144,28.71,97,100,9.01,overcast clouds
291,Dondo,MZ,-19.6094,34.7431,80.11,83,10,5.7,clear sky
292,Mar Del Plata,AR,-38.0023,-57.5575,69.82,59,0,14.97,light rain
293,Cabo San Lucas,MX,22.8909,-109.9124,83.61,45,75,5.01,broken clouds
294,Vardo,NO,70.3705,31.1107,24.78,68,0,19.57,clear sky
295,Bitung,ID,1.4451,125.1824,72.45,83,50,4.18,scattered clouds
296,Vila Velha,BR,-20.3297,-40.2925,84.15,77,75,16.11,broken clouds
297,Manjacaze,MZ,-24.7117,33.8828,71.28,82,0,6.67,clear sky
298,Hithadhoo,MV,-0.6,73.0833,82.26,76,36,10.0,scattered clouds
299,Steenwijk,NL,52.7875,6.1208,49.14,75,100,10.0,overcast clouds
300,Tongren,CN,27.7172,109.1853,44.47,80,100,2.75,overcast clouds
301,Aqtobe,KZ,50.2797,57.2072,21.29,93,100,15.66,overcast clouds
302,Kananga,CD,-5.8958,22.4178,69.21,96,100,4.7,overcast clouds
303,Qena,EG,26.1615,32.7183,66.31,21,0,8.46,clear sky
304,Bahir Dar,ET,11.5936,37.3908,72.43,37,54,9.4,broken clouds
305,Bima,ID,-8.4667,118.7167,76.21,92,100,1.59,overcast clouds
306,Kiruna,SE,67.8557,20.2251,-3.08,84,100,2.3,overcast clouds
307,Boyolangu,ID,-8.1181,111.8935,74.57,93,100,1.34,light rain
308,The Valley,AI,18.217,-63.0578,80.74,69,20,17.27,few clouds
309,Bonthe,SL,7.5264,-12.505,79.77,79,17,9.22,few clouds
310,Hambantota,LK,6.1241,81.1185,75.96,81,100,12.17,overcast clouds
311,Salekhard,RU,66.53,66.6019,-20.09,100,100,1.57,overcast clouds
312,Abu Dhabi,AE,24.4667,54.3667,66.22,49,20,4.61,few clouds
313,Maldonado,UY,-34.6667,-54.9167,69.19,48,5,18.37,clear sky
314,Alofi,NU,-19.0595,-169.9187,75.09,94,99,2.3,overcast clouds
315,Nanortalik,GL,60.1432,-45.2371,29.39,80,100,8.59,overcast clouds
316,Caboolture,AU,-27.0833,152.95,72.05,95,94,4.34,light rain
317,Chumikan,RU,54.7183,135.315,-12.71,94,98,4.99,overcast clouds
318,Puck,PL,54.7179,18.4084,37.04,70,100,14.38,overcast clouds
319,Chama,CH,47.1821,8.4636,39.42,70,0,2.3,clear sky
320,Mahebourg,MU,-20.4081,57.7,81.25,83,40,10.36,scattered clouds
321,Tabas,IR,33.5959,56.9244,51.19,41,0,8.39,clear sky
322,Namibe,AO,-15.1961,12.1522,75.83,80,100,5.68,overcast clouds
323,Husavik,IS,66.0449,-17.3389,-2.29,80,57,13.11,broken clouds
324,Nioro,GM,13.35,-15.75,87.31,9,24,7.11,few clouds
325,Corinth,GR,37.9407,22.9573,50.76,73,23,4.29,few clouds
326,Kruisfontein,ZA,-34.0033,24.7314,65.84,91,4,7.16,clear sky
327,Mo I Rana,NO,66.3128,14.1428,23.47,100,75,2.3,broken clouds
328,Comodoro Rivadavia,AR,-45.8667,-67.5,91.26,21,20,14.97,few clouds
329,Japura,ID,-0.3167,102.35,73.99,96,100,0.92,light rain
330,Hirara,JP,24.8,125.2833,66.52,85,100,23.33,overcast clouds
331,Perth,AU,-31.9333,115.8333,82.58,56,0,18.41,clear sky
332,Fairbanks,US,64.8378,-147.7164,11.23,82,100,0.0,light snow
333,Padron,ES,42.7388,-8.6606,54.61,73,97,6.93,overcast clouds
334,Ardakan,IR,32.31,54.0175,50.38,40,0,5.73,clear sky
335,Santarem,BR,-2.4431,-54.7083,84.33,84,20,6.91,few clouds
336,Lufilufi,WS,-13.8745,-171.5986,73.18,79,51,9.98,broken clouds
337,Rajsamand,IN,25.0667,73.8833,57.87,33,0,2.39,clear sky
338,Cap Malheureux,MU,-19.9842,57.6142,81.46,78,89,5.01,overcast clouds
339,Guanay,BO,-15.4975,-67.8797,81.43,67,92,1.68,overcast clouds
340,Strezhevoy,RU,60.7333,77.5889,-4.02,97,98,8.63,overcast clouds
341,Hokitika,NZ,-42.7167,170.9667,51.19,72,25,6.06,scattered clouds
342,Kiama,AU,-34.6833,150.8667,67.57,81,100,1.01,overcast clouds
343,Birjand,IR,32.8663,59.2211,43.27,52,0,9.22,clear sky
344,Boguchany,RU,58.3814,97.4531,-19.75,100,87,3.76,overcast clouds
345,Pangnirtung,CA,66.1451,-65.7125,-29.2,75,0,9.22,clear sky
346,Ciudad Real,ES,39.0,-4.0,55.45,70,100,5.01,overcast clouds
347,Arman,RU,59.7,150.1667,-10.98,80,8,9.28,clear sky
348,Poum,NC,-20.2333,164.0167,81.66,77,99,14.34,overcast clouds
349,Auki,SB,-8.7676,160.7034,77.32,86,100,4.38,light rain
350,Tanout,NE,14.9709,8.8879,72.61,9,0,10.89,clear sky
351,Rio Gallegos,AR,-51.6226,-69.2181,59.05,20,20,51.79,few clouds
352,Valdivia,CL,-39.8142,-73.2459,77.77,39,92,7.0,overcast clouds
353,Shediac,CA,46.2198,-64.5411,18.23,53,75,9.22,broken clouds
354,Henties Bay,NA,-22.116,14.2845,73.85,81,8,4.79,moderate rain
355,Puerto Escondido,MX,15.85,-97.0667,86.83,70,75,5.75,broken clouds
356,Saint-Denis,FR,48.9167,2.3333,56.17,61,0,13.8,clear sky
357,Meybod,IR,32.2501,54.0166,50.02,40,0,7.05,clear sky
358,Merauke,ID,-8.4667,140.3333,78.37,82,11,9.66,few clouds
359,Hispania,CO,5.7993,-75.9072,87.03,73,80,3.02,broken clouds
360,Katsuura,JP,35.1333,140.3,38.1,97,100,31.65,light rain
361,Karlshus,NO,59.352,10.8723,43.57,65,100,14.97,overcast clouds
362,Ranong,TH,9.9658,98.6348,76.3,89,86,3.78,overcast clouds
363,Tutoia,BR,-2.7619,-42.2744,87.78,66,10,12.39,clear sky
364,Steinbach,DE,50.1667,8.5667,46.99,73,0,3.44,clear sky
365,Saskylakh,RU,71.9167,114.0833,-16.02,85,38,3.56,scattered clouds
366,Petropavlovsk-Kamchatskiy,RU,53.0452,158.6483,7.39,66,75,2.24,broken clouds
367,Tura,IN,25.5198,90.2201,54.75,69,0,4.47,clear sky
368,Hofn,IS,64.2539,-15.2082,21.52,58,15,10.78,few clouds
369,Saint-Augustin,CA,51.226,-58.6502,3.81,72,3,13.4,clear sky
370,Daru,PG,-9.0763,143.2092,79.0,79,53,9.75,broken clouds
371,Okha,RU,53.5739,142.9478,-10.7,96,20,9.04,few clouds
372,Tevriz,RU,57.509,72.4042,4.28,98,100,3.42,overcast clouds
373,Russell,US,32.3502,-85.1999,52.88,26,40,16.11,scattered clouds
374,Severo-Yeniseyskiy,RU,60.3725,93.0408,-15.41,97,54,4.81,broken clouds
375,Hulan Ergi,CN,47.2042,123.6333,-10.86,99,95,5.17,overcast clouds
376,Urucuca,BR,-14.5931,-39.2844,81.41,96,100,1.72,overcast clouds
377,Lokosovo,RU,61.1333,74.8167,-10.89,100,98,7.0,overcast clouds
378,Huambo,AO,-12.7761,15.7392,63.41,74,22,3.2,few clouds
379,Yakymivka,UA,46.6897,35.1536,33.24,64,1,4.63,clear sky
380,Waitati,NZ,-45.75,170.5667,53.8,80,11,2.93,few clouds
381,Palana,RU,59.1167,159.9667,-8.07,95,86,6.91,overcast clouds
382,Chandil,IN,22.9667,86.05,61.43,28,0,2.53,clear sky
383,Baton Rouge,US,30.4508,-91.1545,53.92,32,0,9.22,clear sky
384,Totness,SR,5.8833,-56.3167,80.87,72,59,11.5,broken clouds
385,Araouane,ML,18.9048,-3.5265,68.29,16,61,10.89,broken clouds
386,Svetlyy,RU,54.675,20.1347,35.65,72,100,16.91,overcast clouds
387,Marfino,RU,55.7028,37.3822,30.11,71,0,8.95,light snow
388,Havelock,US,34.8791,-76.9013,46.63,92,100,13.8,overcast clouds
389,Sobolevo,RU,54.4299,31.8996,23.9,85,41,13.11,scattered clouds
390,Parrita,CR,9.5201,-84.3225,94.98,56,6,8.21,clear sky
391,Tazovskiy,RU,67.4667,78.7,-9.89,96,18,10.6,few clouds
392,Kushmurun,KZ,52.4503,64.6311,11.79,96,100,2.84,overcast clouds
393,Port Hedland,AU,-20.3167,118.5667,82.45,83,40,5.75,scattered clouds
394,Paramonga,PE,-10.6667,-77.8333,76.46,70,3,12.95,clear sky
395,Mangrol,IN,21.1167,70.1167,69.04,56,0,11.1,clear sky
396,Honningsvag,NO,70.9821,25.9704,20.95,86,100,13.8,snow
397,Constitucion,CL,-35.3333,-72.4167,68.63,70,50,10.07,scattered clouds
398,Villa Carlos Paz,AR,-31.4241,-64.4978,81.05,25,5,11.01,clear sky
399,Vrangel,RU,42.7297,133.0839,15.15,58,97,7.87,overcast clouds
400,Broadford,AU,-37.2,145.0667,70.81,58,0,5.37,clear sky
401,Aranos,NA,-24.1333,19.1167,69.8,70,100,8.43,light rain
402,Nago,JP,26.5881,127.9761,66.27,91,100,13.2,light rain
403,Skibbereen,IE,51.55,-9.2667,44.4,77,6,10.27,clear sky
404,Corinto,GR,37.9407,22.9573,51.42,73,23,4.29,few clouds
405,Winnemucca,US,40.973,-117.7357,48.25,37,0,0.0,clear sky
406,Arlit,NE,18.7369,7.3853,73.58,10,0,7.02,clear sky
407,Esmeraldas,BR,-19.7625,-44.3139,84.31,77,58,3.22,broken clouds
408,Tuatapere,NZ,-46.1333,167.6833,42.82,92,10,5.19,clear sky
409,Te Anau,NZ,-45.4167,167.7167,44.35,93,36,1.01,scattered clouds
410,Nambucca Heads,AU,-30.65,153.0,66.2,80,1,5.64,clear sky
411,Adana,TR,36.985,35.2881,50.02,87,0,0.0,clear sky
412,Zaysan,KZ,47.4667,84.8667,13.03,82,100,1.63,light snow
413,Cankuzo,BI,-3.1333,30.5833,60.58,88,98,1.9,light rain
414,Mayahi,NE,13.9553,7.6712,75.92,10,0,9.46,clear sky
415,Talcahuano,CL,-36.7167,-73.1167,61.97,85,41,11.34,scattered clouds
416,Miri,MY,4.4148,114.0089,77.14,100,40,0.0,scattered clouds
417,Wattegama,LK,6.7989,81.4808,70.57,91,100,3.8,overcast clouds
418,Bilma,NE,18.6853,12.9164,71.02,10,0,6.24,clear sky
419,Djenne,ML,13.9061,-4.5533,80.08,11,0,9.71,clear sky
420,Maneadero,MX,31.7167,-116.5667,84.18,24,5,1.01,clear sky
421,Chengde,CN,40.9725,117.9361,15.51,94,98,1.99,overcast clouds
422,Bossangoa,CF,6.4926,17.4552,82.15,16,100,2.98,overcast clouds
423,Sambava,MG,-14.2667,50.1667,77.13,86,57,3.98,moderate rain
424,Prado,BR,-17.3411,-39.2208,80.31,75,50,13.56,scattered clouds
425,Pacific Grove,US,36.6177,-121.9166,78.15,60,0,3.0,clear sky
426,Pokhara,NP,28.2333,83.9833,51.67,65,2,4.45,clear sky
427,Broome,US,42.2506,-75.833,25.63,59,100,9.22,overcast clouds
428,Harbour Breton,CA,47.4833,-55.7983,37.99,70,100,20.45,overcast clouds
429,Praia Da Vitoria,PT,38.7333,-27.0667,60.76,72,75,7.94,broken clouds
430,Stornoway,GB,58.2093,-6.3865,40.96,96,75,8.05,broken clouds
431,Catuday,PH,16.2923,119.8062,77.25,77,100,8.61,overcast clouds
432,Tirumala,IN,13.6833,79.35,60.42,95,17,1.48,few clouds
433,Paamiut,GL,61.994,-49.6678,13.68,94,100,19.19,light snow
434,Yangambi,CD,0.8102,24.4336,79.18,37,6,2.55,clear sky
435,Sakakah,SA,29.9697,40.2064,53.17,26,0,5.68,clear sky
436,Okhotsk,RU,59.3833,143.3,-14.55,80,1,10.76,clear sky
437,Along,IN,28.1667,94.7667,44.82,62,0,2.46,clear sky
438,Port Blair,IN,11.6667,92.75,75.24,78,20,4.61,mist
439,Nakano,JP,36.75,138.3667,34.99,95,100,4.63,overcast clouds
440,Marsa Matruh,EG,31.3525,27.2453,59.2,58,20,8.05,few clouds
441,Portland,US,45.5234,-122.6762,57.38,53,20,3.0,few clouds
442,Chiungutwa,TZ,-10.8833,38.9833,72.43,96,68,2.48,light rain
443,Eureka,US,40.8021,-124.1637,47.01,64,97,4.25,overcast clouds
444,Kralendijk,BQ,12.15,-68.2667,85.98,58,0,19.57,clear sky
445,Bougouni,ML,11.417,-7.479,82.42,11,2,4.97,clear sky
446,Najran,SA,17.4924,44.1277,59.65,38,30,3.85,scattered clouds
447,Komsomolskiy,UZ,40.4272,71.7189,36.82,93,100,2.3,fog
448,Todos Santos,MX,23.45,-110.2167,83.1,61,100,4.59,overcast clouds
449,Balabac,PH,7.9868,117.0645,80.42,79,100,13.49,overcast clouds
450,Dicabisagan,PH,17.0818,122.4157,75.51,87,100,6.29,overcast clouds
451,Aksu,CN,41.1231,80.2644,29.55,40,6,4.21,clear sky
452,Mutis,CO,6.2262,-77.4044,78.71,89,97,3.49,light rain
453,Manali,IN,13.1667,80.2667,80.08,77,3,10.25,clear sky
454,Mocuba,MZ,-16.8392,36.9856,73.26,98,100,2.04,light rain
455,Pingliang,CN,35.5392,106.6861,20.53,90,29,5.12,scattered clouds
456,Puerto Del Rosario,ES,28.5004,-13.8627,67.75,77,20,10.36,few clouds
457,Golden,US,39.7555,-105.2211,54.1,33,15,5.99,few clouds
458,Quatre Cocos,MU,-20.2078,57.7625,81.09,84,86,13.33,light rain
459,Gubkinskiy,RU,64.434,76.5026,-10.93,97,27,9.86,scattered clouds
460,Manzanillo,CU,20.3433,-77.1167,84.9,55,4,10.85,clear sky
461,Thinadhoo,MV,0.5333,72.9333,82.08,75,90,10.54,overcast clouds
462,Luderitz,NA,-26.6481,15.1594,75.31,62,0,13.0,clear sky
463,Charters Towers,AU,-20.1,146.2667,69.31,80,1,7.34,clear sky
464,San Juan,AR,-31.5375,-68.5364,85.87,23,0,5.88,clear sky
465,Labuhan,ID,-6.8844,112.2051,76.28,90,100,3.47,overcast clouds
466,Diego De Almagro,CL,-26.3667,-70.05,82.99,16,6,14.43,clear sky
467,Waw,SS,7.7029,27.9953,82.63,16,9,5.46,clear sky
468,Laguna De Perlas,NI,12.3429,-83.6712,84.29,76,14,14.5,few clouds
469,Kempele,FI,64.9131,25.5034,32.13,93,100,9.22,overcast clouds
470,Jalu,LY,29.0331,21.5482,57.76,45,82,6.22,broken clouds
471,Oktyabrskoye,RU,43.0645,44.7417,30.34,93,100,4.47,overcast clouds
472,Sao Filipe,CV,14.8961,-24.4956,76.14,57,68,13.47,broken clouds
473,Hede,CN,33.7681,120.2517,36.1,79,0,2.44,clear sky
474,Ambon,ID,-3.6954,128.1814,77.14,94,40,2.3,scattered clouds
475,Makokou,GA,0.5738,12.8642,77.18,71,27,4.85,scattered clouds
476,Buala,SB,-8.145,159.5921,79.12,80,100,4.38,light rain
477,Bereda,ES,43.2686,-7.5406,48.92,99,100,9.51,moderate rain
478,Moroni,KM,-11.7022,43.2551,79.54,82,10,3.89,clear sky
479,Baghdad,IQ,33.3406,44.4009,57.11,35,0,9.22,clear sky
480,Guerrero Negro,MX,27.9769,-114.0611,77.85,24,18,4.03,few clouds
481,Sawtell,AU,-30.3833,153.1,66.22,88,75,8.05,broken clouds
482,High Level,CA,58.5169,-117.136,-3.89,77,20,6.91,few clouds
483,Tautira,PF,-17.7333,-149.15,86.02,77,95,16.51,light rain
484,Manzhouli,CN,49.6,117.4333,-19.52,99,39,4.92,scattered clouds
485,Pisco,PE,-13.7,-76.2167,77.05,57,0,8.05,clear sky
486,Tres Arroyos,AR,-38.3739,-60.2798,81.45,22,0,11.36,clear sky
487,Xinzhou,CN,38.4092,112.7333,20.43,57,0,5.59,clear sky
488,Mount Gambier,AU,-37.8333,140.7667,60.71,94,100,8.05,overcast clouds
489,Dire,ML,12.2833,-10.9667,84.56,11,0,4.52,clear sky
490,Laguna,US,38.421,-121.4238,78.22,54,0,4.61,clear sky
491,Blagoveshchenka,RU,52.8333,79.8667,24.91,94,97,17.13,overcast clouds
492,Yenagoa,NG,4.9247,6.2642,82.72,68,47,9.24,scattered clouds
493,Zyryanka,RU,65.75,150.85,-32.62,95,35,7.09,scattered clouds
494,Cozumel,MX,20.5083,-86.9458,79.0,78,44,10.0,scattered clouds
495,Camacha,PT,33.0833,-16.3333,59.76,67,20,11.5,few clouds
496,Lakatoro,VU,-16.0999,167.4164,79.86,84,88,9.6,overcast clouds
497,Atambua,ID,-9.1061,124.8925,73.09,89,40,2.15,scattered clouds
498,Dekar,BW,-21.5333,21.9333,74.8,52,19,1.28,few clouds
499,Santo Angelo,BR,-28.2992,-54.2631,75.52,78,75,5.75,broken clouds
500,Nyagan,RU,62.1406,65.3936,-15.66,100,77,0.31,broken clouds
501,Ust-Omchug,RU,61.15,149.6333,-37.5,99,50,2.26,scattered clouds
502,Junin,AR,-34.5838,-60.9433,81.59,24,0,3.94,clear sky
503,Mandurah,AU,-32.55,115.7,80.22,63,0,6.71,clear sky
504,Shetpe,KZ,44.1667,52.1167,29.79,81,9,15.1,clear sky
505,Alice Springs,AU,-23.7,133.8833,63.95,68,0,5.75,clear sky
506,Nelson Bay,AU,-32.7167,152.15,65.68,73,100,9.13,overcast clouds
507,Broken Hill,AU,-31.95,141.4333,80.31,29,100,13.8,overcast clouds
508,Filingue,NE,14.3521,3.3168,79.54,9,5,7.0,clear sky
509,Maceio,BR,-9.6658,-35.7353,89.04,58,40,19.57,scattered clouds
510,Kulykivka,UA,51.3735,31.6466,31.41,83,25,8.1,scattered clouds
511,Angleton,US,29.1694,-95.4319,57.97,31,0,11.5,clear sky
512,Shkoder,AL,42.0683,19.5126,43.92,77,97,2.82,overcast clouds
513,Necochea,AR,-38.5473,-58.7368,75.04,34,0,7.72,clear sky
514,Urumqi,CN,43.801,87.6005,16.75,79,0,4.47,clear sky
515,Haines Junction,CA,60.7522,-137.5108,8.55,85,100,1.14,overcast clouds
516,Malu Mare,RO,44.2333,23.8667,40.26,62,0,8.05,clear sky
517,Jining,CN,35.405,116.5814,43.0,1,100,8.39,overcast clouds
518,Torit,SS,4.4133,32.5678,86.7,29,100,1.95,overcast clouds
519,Fare,PF,-16.7,-151.0167,80.94,74,100,14.94,light rain
520,Monopoli,IT,40.9559,17.2896,52.05,72,8,4.56,clear sky
521,North Bend,US,43.4065,-124.2243,42.71,87,40,3.44,mist
522,Envira,BR,-7.3,-70.2167,76.96,95,100,2.48,overcast clouds
523,Sao Joao Da Barra,BR,-21.6403,-41.0511,82.49,84,11,12.73,few clouds
524,Port-Gentil,GA,-0.7193,8.7815,76.96,94,20,2.3,few clouds
525,Naryan-Mar,RU,67.6713,53.087,0.95,98,54,8.46,broken clouds
526,Port Macquarie,AU,-31.4333,152.9167,63.9,78,98,2.59,overcast clouds
527,Novopokrovka,UA,49.8425,36.5477,26.29,96,6,4.09,clear sky
528,Morristown,US,36.214,-83.2949,41.83,49,0,10.36,clear sky
529,Oyugis,KE,-0.509,34.7358,68.58,67,100,5.5,overcast clouds
530,Ginda,IN,30.6945,78.4932,40.46,37,0,6.35,clear sky
531,Marzuq,YE,14.4,46.4667,61.36,43,1,4.05,clear sky
532,Bajil,YE,15.0584,43.2851,77.13,77,70,3.74,broken clouds
533,Chicama,PE,-7.8447,-79.1469,70.34,52,94,12.03,overcast clouds
534,Hecun,CN,36.5333,114.1111,30.34,89,93,5.28,overcast clouds
535,Ewa Beach,US,21.3156,-158.0072,74.7,77,0,4.61,clear sky
536,Benguela,AO,-12.5763,13.4055,77.52,78,92,3.56,overcast clouds
537,Monor,HU,47.3513,19.4473,40.01,80,0,5.75,clear sky
538,Tomohon,ID,1.3346,124.8392,63.54,91,79,0.54,broken clouds
539,Ayan,RU,56.45,138.1667,-9.31,83,5,6.49,clear sky
540,Tyler,US,32.3513,-95.3011,54.45,28,0,9.22,clear sky
541,Stege,DK,54.987,12.2846,40.05,70,100,23.06,overcast clouds
542,Saint-Joseph,RE,-21.3667,55.6167,79.18,86,16,9.75,few clouds
543,Popondetta,PG,-8.7537,148.2534,73.53,95,100,2.89,overcast clouds
544,Mwandiga,TZ,-4.83,29.6581,72.25,83,100,5.88,light rain
545,Ko Samui,TH,9.5357,99.9357,82.33,76,100,12.93,overcast clouds
546,Whitehorse,CA,60.7161,-135.0538,12.09,84,75,2.3,broken clouds
547,Tatarsk,RU,55.219,75.9828,8.19,95,100,7.94,light snow
548,Igarka,RU,67.4667,86.5833,-10.93,89,10,7.72,clear sky
549,Pine Bluff,US,34.2284,-92.0032,50.09,30,0,11.5,clear sky
550,San Carlos De Bariloche,AR,-41.1456,-71.3082,85.24,14,0,20.71,clear sky
551,Shingu,JP,33.7333,135.9833,45.91,88,100,4.25,overcast clouds
552,Abha,SA,18.2164,42.5053,58.82,88,0,5.75,clear sky
553,Raga,SS,8.4596,25.678,77.05,13,22,3.91,few clouds
554,Goderich,CA,43.7501,-81.7165,18.91,85,100,2.3,overcast clouds
555,Alta Floresta,BR,-9.8756,-56.0861,85.82,70,40,6.91,scattered clouds
556,Kishi,NG,9.0833,3.85,89.8,14,69,5.84,broken clouds
557,Bull Savanna,JM,17.8868,-77.5902,82.83,54,5,15.37,clear sky
558,Surman,LY,32.7567,12.5716,57.47,59,12,11.48,few clouds
559,Itaituba,BR,-4.2761,-55.9836,86.16,79,40,5.75,light rain
560,Gucheng,CN,35.9115,111.3192,36.64,48,24,5.86,few clouds
561,Mata,PT,40.683,-7.4592,50.94,96,100,14.7,light rain
562,Meadow Lake,US,34.8014,-106.5436,53.2,26,0,5.06,clear sky
563,Fayaoue,NC,-20.65,166.5333,81.82,80,100,12.15,overcast clouds
564,Viedma,AR,-40.8135,-62.9967,92.44,12,0,8.19,clear sky
565,Aasiaat,GL,68.7098,-52.8699,11.77,86,100,15.12,overcast clouds
566,Kajaani,FI,64.2273,27.7285,30.25,100,100,9.22,light snow
567,Caohai,CN,26.8661,104.2841,31.82,97,43,3.44,scattered clouds
568,Xuanhua,CN,40.6103,115.0447,7.23,73,11,8.77,few clouds
569,Gibara,CU,21.1097,-76.1317,92.52,53,0,7.85,clear sky
570,Tete,MZ,-16.1564,33.5867,80.69,74,20,3.44,thunderstorm
571,Riyadh,SA,24.6877,46.7219,59.14,29,0,7.76,clear sky
572,Benjamin Constant,BR,-4.3831,-70.0311,77.13,88,100,6.91,moderate rain
573,Mackenzie,CA,55.2999,-123.1698,26.82,86,0,2.3,clear sky
574,Iqaluit,CA,63.7506,-68.5145,-18.31,75,75,2.3,broken clouds
575,Leh,IN,34.1667,77.5833,3.83,83,85,0.98,overcast clouds
576,Doha,QA,25.2867,51.5333,64.38,55,0,8.05,clear sky
577,Nosy Varika,MG,-20.5833,48.5333,76.15,89,33,6.17,light rain
578,Ambovombe,MG,-25.1667,46.0833,75.99,88,12,16.33,few clouds
579,Tortoli,IT,39.9256,9.6572,53.42,76,20,9.22,few clouds
580,Ascension,US,30.2169,-90.9001,54.07,32,0,8.05,clear sky
581,Central Point,US,42.376,-122.9164,65.7,56,0,0.0,clear sky
582,Shepsi,RU,44.0361,39.1489,39.51,73,92,10.51,overcast clouds
583,Benjamin Hill,MX,30.1667,-111.1,83.17,9,13,7.63,few clouds
584,Wladyslawowo,PL,54.7909,18.4009,36.95,64,100,15.21,overcast clouds
585,Paita,PE,-5.0892,-81.1144,90.16,63,7,15.48,clear sky
586,Inongo,CD,-1.95,18.2667,74.48,85,100,4.18,overcast clouds
587,Sola,VU,-13.8833,167.55,79.47,89,75,0.0,broken clouds
588,Verkh-Chebula,RU,56.0308,87.6218,5.18,96,100,5.39,overcast clouds
589,Mananjary,MG,-21.2167,48.3333,75.58,90,30,4.92,light rain
590,Roswell,US,34.0232,-84.3616,50.43,34,0,16.11,clear sky
591,Alyangula,AU,-13.8483,136.4192,73.27,100,6,0.0,clear sky
592,Inirida,CO,3.8653,-67.9239,96.15,37,61,3.04,broken clouds
593,Westport,US,41.1415,-73.3579,33.26,79,100,10.36,snow
594,Scharnstein,AT,47.9044,13.9601,36.45,84,1,5.64,clear sky
595,Halifax,CA,44.6453,-63.5724,33.8,74,100,5.01,overcast clouds
596,Lashio,MM,22.9333,97.75,47.89,49,0,2.35,clear sky
597,Ibatiba,BR,-20.2339,-41.5106,72.34,90,57,4.34,broken clouds
598,Tessalit,ML,20.1986,1.0114,70.61,14,0,11.05,clear sky
599,Zhigansk,RU,66.7697,123.3711,-36.51,100,72,2.33,broken clouds
600,Dawlatabad,AF,36.4141,64.9053,42.4,59,7,1.3,clear sky
601,Shimoda,JP,34.6667,138.95,37.11,93,100,25.28,moderate rain
602,Hay River,CA,60.8156,-115.7999,-14.82,76,75,3.44,broken clouds
603,Ancud,CL,-41.8697,-73.8203,80.22,73,26,6.87,scattered clouds
604,Kununurra,AU,-15.7667,128.7333,80.58,83,40,3.44,scattered clouds
605,Berlevag,NO,70.8578,29.0864,19.4,87,100,11.77,light snow
606,Tiznit,MA,29.5833,-9.5,57.6,58,0,6.08,clear sky
607,Muncar,ID,-8.4333,114.3333,75.78,92,100,0.4,overcast clouds
608,Providencia,MX,28.7167,-111.5833,85.64,15,100,10.18,overcast clouds
609,Clyde River,CA,70.4692,-68.5914,-23.57,69,0,11.5,clear sky
610,Shintomi,JP,32.0785,131.4723,48.49,92,100,7.18,light rain
611,Mbini,GQ,1.574,9.6134,82.24,79,100,5.01,overcast clouds
612,Egvekinot,RU,66.3167,-179.1667,-19.95,92,92,6.93,overcast clouds
613,Isla Aguada,MX,18.7833,-91.4667,75.24,81,98,25.32,overcast clouds
614,Pinar Del Rio,CU,22.4175,-83.6981,72.7,88,100,3.18,overcast clouds
615,Zaykovo,RU,57.5613,62.7568,10.96,98,100,2.57,overcast clouds
616,Freeport,US,40.6576,-73.5832,34.25,83,100,9.22,snow
617,Daman,IN,20.4167,72.85,71.73,59,0,1.34,clear sky
618,Seguin,US,29.5688,-97.9647,63.81,25,0,4.0,clear sky
619,Doume,CM,4.2333,13.45,77.95,23,100,3.0,overcast clouds
620,Kailua,US,21.4022,-157.7394,74.75,78,20,9.22,few clouds
621,Requena,ES,39.4883,-1.1004,51.51,69,99,8.81,overcast clouds
622,Sheltozero,RU,61.3667,35.3667,30.0,90,100,13.94,light snow
623,Wasilla,US,61.5814,-149.4394,29.95,93,100,4.61,mist
624,Chiquilistlan,MX,20.2,-103.8167,66.65,29,50,5.55,scattered clouds
625,Vostok,RU,46.4856,135.8833,2.08,99,100,0.83,overcast clouds
626,Bindura,ZW,-17.3019,31.3306,69.82,75,99,3.15,overcast clouds
627,Creel,MX,27.75,-107.6333,55.31,15,98,13.0,overcast clouds
628,Ballia,IN,25.7557,84.1503,53.73,62,0,4.14,clear sky
629,Prescott Valley,US,34.5894,-112.3252,64.96,16,0,3.44,clear sky
630,Sokoni,TZ,-6.4333,39.55,80.89,80,95,13.71,overcast clouds
631,Jieshi,CN,22.8134,115.8257,56.95,87,100,7.81,light rain
632,Ville-Marie,CA,47.3335,-79.433,-11.2,75,100,3.44,overcast clouds
633,Safaga,EG,26.7292,33.9365,64.35,53,0,7.05,clear sky
634,Polczyn-Zdroj,PL,53.7642,16.0957,39.9,74,70,14.25,broken clouds
635,Yazoo City,US,32.8551,-90.4056,50.76,33,0,6.33,clear sky
636,Batagay,RU,67.6333,134.6333,-23.06,93,97,3.02,overcast clouds
637,Kuala Lipis,MY,4.1842,102.0468,72.95,98,83,0.67,broken clouds
638,Narva-Joesuu,EE,59.4589,28.0408,32.22,92,100,17.07,light snow
639,High Rock,BS,26.6208,-78.2833,71.62,87,100,18.14,heavy intensity rain
640,Kourou,GF,5.1552,-52.6478,82.45,86,61,7.76,broken clouds
641,Rumphi,MW,-11.0186,33.8575,62.53,94,86,0.56,overcast clouds
642,East Brainerd,US,34.9959,-85.1502,45.14,31,0,9.22,clear sky
643,Bam,IR,29.106,58.357,51.44,57,100,8.79,overcast clouds
644,Pout,SN,14.7739,-17.0603,90.36,12,0,13.8,clear sky
645,Kloulklubed,PW,7.0419,134.2556,79.3,83,100,20.27,light rain
646,Lata,PT,40.1629,-8.3327,54.05,93,78,7.9,broken clouds
647,Kabala,SL,9.5833,-11.55,82.35,14,19,3.89,few clouds
648,Bosaso,SO,11.2842,49.1816,74.03,70,11,2.21,few clouds
649,Kieta,PG,-6.2167,155.6333,78.8,83,90,0.49,overcast clouds
650,Josanicka Banja,RS,43.3895,20.7503,36.7,99,100,2.77,overcast clouds
651,Mouila,GA,-1.8685,11.0559,75.88,92,100,3.02,overcast clouds
652,Nishihara,JP,26.1842,127.7558,65.48,88,100,14.97,light rain
653,Lardos,GR,36.0942,28.0157,57.02,75,0,6.69,clear sky
654,Nyaunglebin,MM,17.95,96.7333,61.14,34,24,6.02,few clouds
655,Eyl,SO,7.9803,49.8164,75.33,71,75,19.86,broken clouds
656,Marawi,PH,7.9986,124.2928,64.65,91,100,2.53,overcast clouds
657,Karasuk,RU,53.7377,78.0403,16.43,92,100,17.4,overcast clouds
658,Acapulco,MX,16.8634,-99.8901,85.82,58,40,6.91,scattered clouds
659,Vanimo,PG,-2.6741,141.3028,77.68,88,99,6.15,overcast clouds
660,San Cristobal,VE,7.7669,-72.225,80.78,35,99,5.64,overcast clouds
661,Tambilil,PH,5.9622,124.6697,76.68,75,100,4.76,overcast clouds
662,Antofagasta,CL,-23.65,-70.4,72.21,62,73,10.92,broken clouds
663,Kribi,CM,2.95,9.9167,80.91,78,79,10.94,broken clouds
664,Deer Lake,CA,49.1667,-57.4316,22.86,63,75,17.27,broken clouds
665,College,US,64.8569,-147.8028,11.21,82,100,0.0,mist
666,Santa Catalina,PH,9.3337,122.8637,76.78,86,100,5.82,overcast clouds
667,Port Huron,US,42.9709,-82.4249,20.93,55,100,8.05,overcast clouds
668,Tenali,IN,16.2425,80.6398,68.77,87,4,5.61,clear sky
669,Madison Heights,US,42.4859,-83.1052,22.5,77,100,5.75,overcast clouds
670,Jetpur,IN,21.7333,70.6167,66.72,50,0,5.99,clear sky
671,Kamina,CD,-8.7386,24.9906,64.85,95,100,6.31,light rain
672,Houston,US,29.7633,-95.3633,58.55,32,0,9.22,clear sky
673,Usogorsk,RU,63.4106,48.6872,8.49,99,93,3.94,overcast clouds
674,Baruun-Urt,MN,46.6806,113.2792,-16.96,99,72,2.68,broken clouds
675,Quesnel,CA,52.9999,-122.5029,34.3,64,100,6.91,overcast clouds
676,Vestmanna,FO,62.1564,-7.1664,32.92,69,100,16.11,overcast clouds
677,Leningradskiy,RU,69.3833,178.4167,-17.34,94,95,5.99,overcast clouds
678,Ketchikan,US,55.3422,-131.6461,42.78,100,100,5.75,light rain
679,Muisne,EC,0.6,-80.0333,80.71,82,100,5.91,light rain
680,San Quintin,MX,30.4833,-115.95,75.97,17,8,5.28,clear sky
681,Isangel,VU,-19.55,169.2667,78.91,94,75,4.61,broken clouds
